url,status_code,timestamp
https://site.api.espn.com/apis/site/v2/sports/soccer/fifa.world/scoreboard?dates=20260623&limit=200,200,2026-06-28T11:17:59+00:00
https://site.api.espn.com/apis/site/v2/sports/soccer/fifa.world/summary?event=760461,200,2026-06-28T11:18:02+00:00
https://site.api.espn.com/apis/site/v2/sports/soccer/fifa.world/summary?event=760458,200,2026-06-28T11:18:05+00:00
https://site.api.espn.com/apis/site/v2/sports/soccer/fifa.world/summary?event=760460,200,2026-06-28T11:18:09+00:00
https://site.api.espn.com/apis/site/v2/sports/soccer/fifa.world/summary?event=760459,200,2026-06-28T11:18:12+00:00
https://site.api.espn.com/apis/site/v2/sports/soccer/fifa.world/scoreboard?dates=20260624&limit=200,200,2026-06-28T11:18:15+00:00
https://site.api.espn.com/apis/site/v2/sports/soccer/fifa.world/summary?event=760462,200,2026-06-28T11:18:18+00:00
https://site.api.espn.com/apis/site/v2/sports/soccer/fifa.world/summary?event=760463,200,2026-06-28T11:18:21+00:00
https://site.api.espn.com/apis/site/v2/sports/soccer/fifa.world/summary?event=760464,200,2026-06-28T11:18:25+00:00
https://site.api.espn.com/apis/site/v2/sports/soccer/fifa.world/summary?event=760465,200,2026-06-28T11:18:28+00:00
https://site.api.espn.com/apis/site/v2/sports/soccer/fifa.world/summary?event=760467,200,2026-06-28T11:18:31+00:00
https://site.api.espn.com/apis/site/v2/sports/soccer/fifa.world/summary?event=760466,200,2026-06-28T11:18:34+00:00
https://site.api.espn.com/apis/site/v2/sports/soccer/fifa.world/scoreboard?dates=20260625&limit=200,200,2026-06-28T11:18:37+00:00
https://site.api.espn.com/apis/site/v2/sports/soccer/fifa.world/summary?event=760473,200,2026-06-28T11:18:40+00:00
https://site.api.espn.com/apis/site/v2/sports/soccer/fifa.world/summary?event=760468,200,2026-06-28T11:18:44+00:00
https://site.api.espn.com/apis/site/v2/sports/soccer/fifa.world/summary?event=760471,200,2026-06-28T11:18:47+00:00
https://site.api.espn.com/apis/site/v2/sports/soccer/fifa.world/summary?event=760472,200,2026-06-28T11:18:50+00:00
https://site.api.espn.com/apis/site/v2/sports/soccer/fifa.world/summary?event=760469,200,2026-06-28T11:18:53+00:00
https://site.api.espn.com/apis/site/v2/sports/soccer/fifa.world/summary?event=760470,200,2026-06-28T11:18:56+00:00
https://site.api.espn.com/apis/site/v2/sports/soccer/fifa.world/scoreboard?dates=20260626&limit=200,200,2026-06-28T11:18:59+00:00
https://site.api.espn.com/apis/site/v2/sports/soccer/fifa.world/summary?event=760475,200,2026-06-28T11:19:02+00:00
https://site.api.espn.com/apis/site/v2/sports/soccer/fifa.world/summary?event=760474,200,2026-06-28T11:19:06+00:00
https://site.api.espn.com/apis/site/v2/sports/soccer/fifa.world/summary?event=760478,200,2026-06-28T11:19:09+00:00
https://site.api.espn.com/apis/site/v2/sports/soccer/fifa.world/summary?event=760479,200,2026-06-28T11:19:12+00:00
https://site.api.espn.com/apis/site/v2/sports/soccer/fifa.world/summary?event=760476,200,2026-06-28T11:19:15+00:00
https://site.api.espn.com/apis/site/v2/sports/soccer/fifa.world/summary?event=760477,200,2026-06-28T11:19:19+00:00
https://site.api.espn.com/apis/site/v2/sports/soccer/fifa.world/scoreboard?dates=20260627&limit=200,200,2026-06-28T11:19:22+00:00
https://site.api.espn.com/apis/site/v2/sports/soccer/fifa.world/summary?event=760480,200,2026-06-28T11:19:25+00:00
https://site.api.espn.com/apis/site/v2/sports/soccer/fifa.world/summary?event=760485,200,2026-06-28T11:19:28+00:00
https://site.api.espn.com/apis/site/v2/sports/soccer/fifa.world/summary?event=760481,200,2026-06-28T11:19:31+00:00
https://site.api.espn.com/apis/site/v2/sports/soccer/fifa.world/summary?event=760482,200,2026-06-28T11:19:34+00:00
https://site.api.espn.com/apis/site/v2/sports/soccer/fifa.world/summary?event=760484,200,2026-06-28T11:19:37+00:00
https://site.api.espn.com/apis/site/v2/sports/soccer/fifa.world/summary?event=760483,200,2026-06-28T11:19:41+00:00
https://site.api.espn.com/apis/site/v2/sports/soccer/fifa.world/scoreboard?dates=20260628&limit=200,200,2026-06-28T11:19:44+00:00
